{"search":"","showTags":false,"showAttachments":false,"hideUnresolved":false,"showOrphans":true,"showArrow":false,"textFadeMultiplier":-2.1,"nodeSizeMultiplier":0.71938202247191,"lineSizeMultiplier":1.29747191011236,"centerStrength":0.643258426966292,"repelStrength":7.47191011235955,"linkStrength":0.418539325842697,"linkDistance":219,"scale":0.7384930490343281}